Channel/Home Team,Game
TNT,LAL @ DEN
TNT,PHX @ GSW
CHA,ATL @ CHA
IND,WAS @ IND
ESPN,BOS @ NYK
ORL,HOU @ ORL
BKN,CLE @ BKN
MIA,DET @ MIA
TOR,MIN @ TOR
CHI,OKC @ CHI
MEM,NOP @ MEM
UTA,SAC @ UTA
ESPN,DAL @ SAS
ClipperVision,POR @ LAC
TNT,PHI @ MIL
TNT,PHX @ LAL
CHA,DET @ CHA
MEM,DEN @ MEM
ATL,NYK @ ATL
ESPN,MIA @ BOS
CLE,OKC @ CLE
CHI,TOR @ CHI
SAS,HOU @ SAS
DAL,BKN @ DAL
ClipperVision,LAC @ UTA
POR,ORL @ POR
ESPN,GSW @ SAC
DET,CHI @ DET
WAS,MEM @ WAS
NBA TV,NYK @ NOP
CLE,IND @ CLE
TOR,PHI @ TOR
MIN,MIA @ MIN
NBA TV,UTA @ PHX
OKC,DEN @ OKC
HOU,GSW @ HOU
MIL,ATL @ MIL
PHI,POR @ PHI
ClipperVision,SAS @ LAC
SAC,LAL @ SAC
CHA,BKN @ CHA
IND,CHI @ IND
WAS,BOS @ WAS
ATL,MIN @ ATL
TOR,POR @ TOR
MEM,DAL @ MEM
MIL,MIA @ MIL
NBA TV,GSW @ NOP
OKC,DET @ OKC
DEN,UTA @ DEN
NBA TV,ORL @ LAL
TNT,NYK @ CLE
TNT,SAS @ PHX
ClipperVision,ORL @ LAC
DET,POR @ DET
TOR,MIL @ TOR
ATL,WAS @ ATL
BOS,IND @ BOS
MIA,BKN @ MIA
NYK,CLE @ NYK
ESPN,NOP @ OKC
HOU,CHA @ HOU
MIN,DEN @ MIN
DAL,CHI @ DAL
UTA,MEM @ UTA
GSW,SAC @ GSW
ESPN,LAC @ LAL
NBA TV,TOR @ PHI
NOP,DET @ NOP
UTA,ORL @ UTA
NBA TV,SAS @ PHX
IND,CLE @ IND
ESPN,NYK @ MIL
MIA,WAS @ MIA
CHI,BKN @ CHI
OKC,GSW @ OKC
ESPN,DAL @ DEN
POR,MEM @ POR
PHI,PHX @ PHI
IND,CHA @ IND
ORL,LAL @ ORL
NOP,ATL @ NOP
BKN,BOS @ BKN
HOU,SAC @ HOU
MIN,UTA @ MIN
NBA TV,CHI @ DEN
DET,PHX @ DET
SAS,TOR @ SAS
CLE,GSW @ CLE
DAL,CHA @ DAL
POR,MEM @ POR
DET,GSW @ DET
IND,SAS @ IND
ORL,DAL @ ORL
PHI,WAS @ PHI
BKN,MIL @ BKN
NBA TV,LAL @ MIA
ClipperVision,LAC @ NYK
CHI,UTA @ CHI
HOU,SAC @ HOU
MIN,BOS @ MIN
OKC,ATL @ OKC
DEN,NOP @ DEN
CHA,WAS @ CHA
IND,UTA @ IND
PHI,BOS @ PHI
ClipperVision,LAC @ BKN
ESPN,SAS @ NYK
CHI,PHX @ CHI
HOU,LAL @ HOU
MEM,MIA @ MEM
MIL,DET @ MIL
MIN,NOP @ MIN
OKC,CLE @ OKC
DAL,TOR @ DAL
ESPN,GSW @ DEN
SAC,POR @ SAC
NBA TV,MIL @ IND
NBA TV,ATL @ ORL
DET,PHI @ DET
WAS,CHA @ WAS
ESPN,BKN @ BOS
HOU,NOP @ HOU
MEM,UTA @ MEM
SAS,MIN @ SAS
ClipperVision,LAC @ DAL
ESPN,LAL @ PHX
SAC,OKC @ SAC
ORL,MIL @ ORL
BOS,TOR @ BOS
ATL,MIA @ ATL
NBA TV,CLE @ GSW
NYK,CHA @ NYK
BKN,WAS @ BKN
ClipperVision,MEM @ LAC
PHI,IND @ PHI
CHI,DET @ CHI
HOU,DEN @ HOU
NOP,DAL @ NOP
SAS,MIA @ SAS
PHX,OKC @ PHX
GSW,MIN @ GSW
LAL,POR @ LAL
NBA TV,NYK @ BOS
TOR,WAS @ TOR
MIL,CHI @ MIL
NBA TV,CLE @ SAC
CHA,MIA @ CHA
DET,ATL @ DET
PHI,IND @ PHI
BKN,ORL @ BKN
TNT,SAS @ OKC
NOP,DAL @ NOP
UTA,POR @ UTA
TNT,LAC @ DEN
GSW,MIN @ GSW
LAL,MEM @ LAL
WAS,DAL @ WAS
ATL,NYK @ ATL
ESPN,BOS @ PHI
TOR,MIL @ TOR
CHI,ORL @ CHI
PHX,MIN @ PHX
ESPN,SAC @ LAL
POR,CLE @ POR
NBA TV,BKN @ MIA
NBA TV,OKC @ GSW
CHA,MIL @ CHA
WAS,NYK @ WAS
ATL,PHI @ ATL
CLE,DET @ CLE
TOR,BOS @ TOR
ESPN,SAC @ SAS
CHI,ORL @ CHI
NOP,DEN @ NOP
ESPN,PHX @ UTA
POR,LAL @ POR
ClipperVision,HOU @ LAC
CHA,NYK @ CHA
NOP,MIN @ NOP
CHI,MIA @ CHI
NBA TV,DAL @ MIL
SAS,MEM @ SAS
GSW,OKC @ GSW
BKN,PHI @ BKN
TOR,DET @ TOR
IND,ORL @ IND
CLE,DEN @ CLE
DAL,SAC @ DAL
MEM,BOS @ MEM
NBA TV,PHX @ UTA
POR,OKC @ POR
LAL,HOU @ LAL
CHA,BOS @ CHA
DET,DEN @ DET
WAS,MIL @ WAS
CHI,MIA @ CHI
MIN,NYK @ MIN
NOP,SAC @ NOP
ClipperVision,LAC @ SAS
GSW,HOU @ GSW
ORL,TOR @ ORL
ATL,IND @ ATL
TNT,CLE @ PHI
PHX,POR @ PHX
TNT,UTA @ LAL
CHA,WAS @ CHA
ORL,DEN @ ORL
ATL,BKN @ ATL
ESPN,MIL @ BOS
CLE,MIA @ CLE
IND,TOR @ IND
HOU,MEM @ HOU
MIN,PHI @ MIN
NOP,SAC @ NOP
OKC,CHI @ OKC
ClipperVision,LAC @ SAS
ESPN,GSW @ PHX
POR,UTA @ POR
LAL,DAL @ LAL
NBA TV,BOS @ ORL
NBA TV,PHX @ MEM
ESPN,MIA @ NYK
TOR,CHI @ TOR
IND,DET @ IND
HOU,DEN @ HOU
MIL,WAS @ MIL
MIN,SAC @ MIN
ESPN,SAS @ GSW
ClipperVision,NOP @ LAC
OKC,PHI @ OKC
BKN,MIA @ BKN
WAS,ATL @ WAS
CLE,LAL @ CLE
UTA,NOP @ UTA
ClipperVision,DAL @ LAC
MIL,POR @ MIL
BOS,ATL @ BOS
NYK,PHX @ NYK
ORL,CHA @ ORL
MEM,MIN @ MEM
BKN,CHI @ BKN
CLE,TOR @ CLE
DEN,SAS @ DEN
DET,WAS @ DET
IND,POR @ IND
NBA TV,LAL @ PHI
UTA,NOP @ UTA
ClipperVision,DEN @ LAC
BOS,CHI @ BOS
BKN,TOR @ BKN
CLE,ATL @ CLE
TNT,MIL @ MIA
NYK,CHA @ NYK
MIN,OKC @ MIN
DAL,HOU @ DAL
TNT,GSW @ SAC
NBA TV,LAL @ DET
ORL,WAS @ ORL
TOR,PHX @ TOR
MEM,UTA @ MEM
NOP,PHI @ NOP
DEN,HOU @ DEN
ClipperVision,LAC @ SAC
CLE,POR @ CLE
BKN,CHA @ BKN
NBA TV,IND @ MIA
NYK,DET @ NYK
CHI,MIL @ CHI
MIN,UTA @ MIN
OKC,LAL @ OKC
SAS,ATL @ SAS
ClipperVision,LAC @ GSW
ORL,WAS @ ORL
BOS,PHI @ BOS
TOR,NYK @ TOR
ESPN,MEM @ DAL
NOP,SAS @ NOP
ESPN,DEN @ PHX
ClipperVision,GSW @ LAC
CHA,MIN @ CHA
BKN,ORL @ BKN
DET,CLE @ DET
MIA,IND @ MIA
CHI,NOP @ CHI
MIL,ATL @ MIL
DAL,OKC @ DAL
PHX,MEM @ PHX
UTA,POR @ UTA
NBA TV,DEN @ SAC
LAL,HOU @ LAL
TNT,BOS @ IND
TNT,NOP @ SAC
TNT,NYK @ MIL
TNT,PHX @ LAL
CLE,ORL @ CLE
DET,MEM @ DET
WAS,PHI @ WAS
TOR,MIA @ TOR
ATL,BKN @ ATL
ESPN,SAS @ MIN
CHI,CHA @ CHI
HOU,OKC @ HOU
DAL,UTA @ DAL
GSW,POR @ GSW
ESPN,DEN @ LAC
ESPN,IND @ MIL
TNT,NOP @ LAL
CHA,TOR @ CHA
ORL,DET @ ORL
PHI,ATL @ PHI
BKN,WAS @ BKN
BOS,NYK @ BOS
MIA,CLE @ MIA
MEM,MIN @ MEM
OKC,GSW @ OKC
SAS,CHI @ SAS
DEN,HOU @ DEN
PHX,SAC @ PHX
ESPN,LAC @ UTA
POR,DAL @ POR
CHA,MIA @ CHA
DET,IND @ DET
ORL,CLE @ ORL
PHI,WAS @ PHI
ATL,DEN @ ATL
NYK,TOR @ NYK
HOU,SAS @ HOU
NBA TV,DAL @ MEM
MIL,CHI @ MIL
NOP,MIN @ NOP
OKC,UTA @ OKC
SAC,BKN @ SAC
LAC,POR @ LAC
BOS,CLE @ BOS
TNT,LAL @ DAL
CHI,DEN @ CHI
TNT,GSW @ PHX
LAC,SAC @ LAC
DET,PHI @ DET
WAS,NOP @ WAS
MIA,CHA @ MIA
TOR,ATL @ TOR
HOU,MEM @ HOU
MIL,IND @ MIL
NBA TV,LAL @ SAS
PHX,BKN @ PHX
UTA,NYK @ UTA
NBA TV,CLE @ BOS
MIA,CHI @ MIA
DAL,MIN @ DAL
DEN,BKN @ DEN
POR,UTA @ POR
SAC,OKC @ SAC
NBA TV,GSW @ LAC
CHA,NOP @ CHA
PHI,DET @ PHI
WAS,IND @ WAS
BOS,ORL @ BOS
TOR,ATL @ TOR
ESPN,LAL @ SAS
MEM,HOU @ MEM
ESPN,NYK @ PHX
MIL,DET @ MIL
CHA,PHI @ CHA
NBA TV,ATL @ CLE
MIA,CHI @ MIA
MIN,IND @ MIN
GSW,BKN @ GSW
DEN,OKC @ DEN
POR,DAL @ POR
NBA TV,UTA @ SAC
LAC,NYK @ LAC
BOS,ORL @ BOS
SAS,NOP @ SAS
MIL,HOU @ MIL
PHX,WAS @ PHX
POR,GSW @ POR
CLE,HOU @ CLE
IND,LAC @ IND
PHI,CHI @ PHI
ATL,DET @ ATL
MIA,MIN @ MIA
TOR,CHA @ TOR
OKC,MEM @ OKC
NBA TV,DAL @ DEN
UTA,BKN @ UTA
SAC,WAS @ SAC
LAL,NYK @ LAL
TNT,MEM @ NOP
MIL,SAS @ MIL
TNT,BOS @ GSW
POR,PHX @ POR
CLE,UTA @ CLE
IND,CHA @ IND
ORL,MIA @ ORL
NBA TV,MIN @ PHI
BKN,NYK @ BKN
TOR,DEN @ TOR
CHI,LAL @ CHI
HOU,ATL @ HOU
DAL,LAC @ DAL
NBA TV,BOS @ SAC
NBA TV,UTA @ DET
CLE,NOP @ CLE
CHI,SAS @ CHI
MEM,IND @ MEM
MIL,ORL @ MIL
OKC,LAC @ OKC
MIN,LAL @ MIN
NBA TV,WAS @ POR
PHI,TOR @ PHI
NBA TV,DEN @ BKN
MIA,ATL @ MIA
HOU,DAL @ HOU
ESPN,WAS @ GSW
SAC,PHX @ SAC
NBA TV,MIL @ NYK
LAC,BOS @ LAC
CHA,DEN @ CHA
IND,ORL @ IND
NOP,HOU @ NOP
ATL,MEM @ ATL
BKN,DET @ BKN
TOR,UTA @ TOR
CHI,CLE @ CHI
OKC,LAL @ OKC
DAL,SAS @ DAL
GSW,POR @ GSW
SAC,MIN @ SAC
ESPN,MIL @ NYK
ABC/ESPN,GSW @ DEN
ABC/ESPN,BOS @ LAL
ESPN,PHI @ MIA
ESPN,DAL @ PHX
DET,BKN @ DET
WAS,ORL @ WAS
CHI,ATL @ CHI
NBA TV,IND @ HOU
NOP,MEM @ NOP
OKC,MIN @ OKC
SAS,UTA @ SAS
POR,SAC @ POR
NBA TV,CHA @ LAC
ORL,PHI @ ORL
NBA TV,TOR @ WAS
BKN,MIL @ BKN
HOU,PHX @ HOU
OKC,NYK @ OKC
DAL,CLE @ DAL
NBA TV,DET @ BOS
CHI,IND @ CHI
MIN,DAL @ MIN
NOP,UTA @ NOP
DEN,MEM @ DEN
NBA TV,MIA @ GSW
POR,SAS @ POR
LAL,CHA @ LAL
ORL,NYK @ ORL
WAS,BKN @ WAS
ATL,SAC @ ATL
BOS,TOR @ BOS
NBA TV,MIL @ CLE
HOU,PHI @ HOU
DEN,OKC @ DEN
PHX,CHA @ PHX
POR,SAS @ POR
NBA TV,MEM @ LAC
UTA,MIA @ UTA
DET,TOR @ DET
IND,NYK @ IND
CHI,PHI @ CHI
MIN,LAL @ MIN
GSW,DAL @ GSW
WAS,ATL @ WAS
NOP,LAL @ NOP
OKC,BKN @ OKC
SAS,BOS @ SAS
MEM,SAC @ MEM
PHX,ORL @ PHX
NBA TV,MIN @ NYK
TOR,CLE @ TOR
HOU,DET @ HOU
MIL,IND @ MIL
DEN,CHA @ DEN
PHX,POR @ PHX
UTA,DAL @ UTA
LAC,MIA @ LAC
NBA TV,CHI @ PHI
MEM,SAS @ MEM
NOP,BKN @ NOP
OKC,BOS @ OKC
NBA TV,ORL @ GSW
SAC,CHA @ SAC
CLE,WAS @ CLE
IND,MIL @ IND
ATL,OKC @ ATL
HOU,BKN @ HOU
MEM,TOR @ MEM
MIN,NOP @ MIN
ABC,CHI @ NYK
DAL,POR @ DAL
PHX,LAC @ PHX
UTA,DET @ UTA
ESPN,MIA @ LAL
SAC,ORL @ SAC
TNT,MIL @ SAS
TNT,DEN @ GSW
BOS,UTA @ BOS
IND,ATL @ IND
BKN,OKC @ BKN
CLE,WAS @ CLE
ESPN,NYK @ PHI
CHI,CHA @ CHI
HOU,MIN @ HOU
NOP,LAC @ NOP
DAL,POR @ DAL
DEN,ORL @ DEN
PHX,MIA @ PHX
GSW,DET @ GSW
ESPN,MEM @ LAL
SAC,TOR @ SAC
IND,BOS @ IND
WAS,NYK @ WAS
PHI,UTA @ PHI
HOU,MIL @ HOU
CLE,SAS @ CLE
BKN,POR @ BKN
ORL,ATL @ ORL
SAC,NOP @ SAC
DAL,MIN @ DAL
DEN,DET @ DEN
PHX,MEM @ PHX
GSW,TOR @ GSW
LAL,LAC @ LAL
CHA,CHI @ CHA
IND,BOS @ IND
WAS,OKC @ WAS
MIA,HOU @ MIA
MIL,UTA @ MIL
NBA TV,PHX @ LAC
DET,SAC @ DET
ORL,MIN @ ORL
NYK,POR @ NYK
NBA TV,MEM @ DAL
LAL,TOR @ LAL
BOS,MIN @ BOS
CHA,SAC @ CHA
DET,SAS @ DET
IND,WAS @ IND
ATL,PHI @ ATL
MIA,OKC @ MIA
CHI,HOU @ CHI
ABC,NOP @ GSW
ESPN,DEN @ UTA
LAC,TOR @ LAC
NBA TV,BKN @ CLE
TNT,BOS @ MIL
OKC,POR @ OKC
DAL,NYK @ DAL
TNT,PHX @ LAL
PHI,SAC @ PHI
ATL,IND @ ATL
ESPN,HOU @ DET
MIA,ORL @ MIA
CHI,GSW @ CHI
MEM,LAC @ MEM
MIN,POR @ MIN
ESPN,CHA @ SAS
UTA,TOR @ UTA
DEN,NOP @ DEN
BOS,HOU @ BOS
ATL,WAS @ ATL
MEM,NYK @ MEM
NBA TV,GSW @ MIL
OKC,ORL @ OKC
DAL,NOP @ DAL
SAS,CHI @ SAS
UTA,LAL @ UTA
DEN,IND @ DEN
MIA,CHA @ MIA
MIL,SAC @ MIL
MIN,LAC @ MIN
POR,PHX @ POR
NBA TV,HOU @ PHI
DAL,NOP @ DAL
NYK,ORL @ NYK
WAS,DET @ WAS
TNT,SAS @ ATL
TNT,GSW @ MEM
CLE,CHI @ CLE
BKN,MIA @ BKN
TOR,BOS @ TOR
UTA,IND @ UTA
NBA TV,OKC @ LAL
TNT,DEN @ PHI
PHX,SAC @ PHX
TNT,OKC @ LAC
DET,MIN @ DET
ATL,ORL @ ATL
BOS,SAS @ BOS
ESPN,MIL @ CLE
NYK,HOU @ NYK
TOR,MIA @ TOR
NOP,CHA @ NOP
ABC,DAL @ LAL
POR,BKN @ POR
NYK,WAS @ NYK
TNT,CHI @ TOR
UTA,OKC @ UTA
TNT,MEM @ MIN
SAC,IND @ SAC
CHA,SAS @ CHA
ORL,PHI @ ORL
ESPN,DEN @ BOS
MIA,ATL @ MIA
NOP,PHX @ NOP
POR,IND @ POR
LAL,BKN @ LAL
DET,MIL @ DET
CHA,PHI @ CHA
WAS,SAS @ WAS
ATL,CLE @ ATL
NYK,TOR @ NYK
CHI,MEM @ CHI
HOU,UTA @ HOU
MIN,OKC @ MIN
LAC,BKN @ LAC
ORL,MIA @ ORL
WAS,DEN @ WAS
HOU,BOS @ HOU
PHX,IND @ PHX
LAL,POR @ LAL
DET,MIL @ DET
ORL,CLE @ ORL
NBA TV,SAS @ PHI
TOR,MEM @ TOR
MIN,CHA @ MIN
DAL,BOS @ DAL
PHX,CHI @ PHX
IND,DEN @ IND
TNT,NYK @ BKN
NOP,UTA @ NOP
OKC,POR @ OKC
TNT,LAL @ LAC
DET,CHA @ DET
WAS,MIN @ WAS
MIA,MEM @ MIA
HOU,POR @ HOU
MIL,CLE @ MIL
ESPN,PHX @ DAL
ABC,OKC @ SAS
GSW,ATL @ GSW
IND,PHI @ IND
WAS,UTA @ WAS
BKN,MIN @ BKN
TNT,BOS @ MIA
NYK,DEN @ NYK
TNT,SAC @ GSW
LAL,CHI @ LAL
NBA TV,DAL @ ATL
CHA,HOU @ CHA
IND,PHX @ IND
TOR,LAC @ TOR
MEM,ORL @ MEM
MIL,CLE @ MIL
NOP,OKC @ NOP
NBA TV,POR @ SAS
DET,WAS @ DET
ABC,MIA @ NYK
ABC,PHI @ DEN
BKN,HOU @ BKN
BOS,LAC @ BOS
CHA,UTA @ CHA
MIL,NOP @ MIL
SAS,MIN @ SAS
ABC,LAL @ GSW
DAL,SAC @ DAL
DET,OKC @ DET
IND,MEM @ IND
ATL,TOR @ ATL
ORL,PHX @ ORL
POR,CHI @ POR
CHA,NYK @ CHA
CLE,LAC @ CLE
BOS,NOP @ BOS
BKN,UTA @ BKN
NBA TV,PHX @ MIA
HOU,LAL @ HOU
MEM,SAC @ MEM
OKC,MIN @ OKC
SAS,WAS @ SAS
DAL,ORL @ DAL
DEN,MIL @ DEN
NBA TV,PHI @ POR
ATL,LAL @ ATL
TNT,IND @ BOS
NYK,UTA @ NYK
CHI,TOR @ CHI
TNT,PHI @ GSW
CHA,CHI @ CHA
CLE,DET @ CLE
WAS,LAC @ WAS
MIA,SAC @ MIA
HOU,NOP @ HOU
MIN,DAL @ MIN
SAS,ORL @ SAS
OKC,DEN @ OKC
ABC,PHX @ BKN
ESPN,MIL @ POR
TNT,LAL @ BOS
NYK,IND @ NYK
MEM,CLE @ MEM
TNT,PHI @ UTA
DET,LAC @ DET
WAS,MIA @ WAS
ATL,PHX @ ATL
IND,SAC @ IND
HOU,TOR @ HOU
NBA TV,GSW @ MEM
MIN,ORL @ MIN
OKC,CHA @ OKC
SAS,NOP @ SAS
DEN,POR @ DEN
PHI,BKN @ PHI
ATL,GSW @ ATL
CHI,SAC @ CHI
ABC,LAL @ NYK
DAL,MIL @ DAL
SAS,CLE @ SAS
DET,ORL @ DET
NBA TV,PHX @ WAS
BOS,MEM @ BOS
CHA,IND @ CHA
ESPN,LAC @ MIA
MIN,HOU @ MIN
OKC,TOR @ OKC
UTA,MIL @ UTA
NBA TV,POR @ DEN
CHA,LAL @ CHA
CLE,SAC @ CLE
PHI,DAL @ PHI
ATL,LAC @ ATL
NBA TV,GSW @ BKN
NOP,TOR @ NOP
IND,HOU @ IND
TNT,DAL @ BKN
MIA,ORL @ MIA
NYK,MEM @ NYK
CHI,MIN @ CHI
UTA,OKC @ UTA
TNT,MIL @ PHX
CHA,TOR @ CHA
WAS,CLE @ WAS
ESPN,GSW @ PHI
BOS,ATL @ BOS
MIA,SAS @ MIA
ESPN,NOP @ LAC
SAC,DET @ SAC
IND,GSW @ IND
ORL,SAS @ ORL
BKN,CLE @ BKN
TNT,DAL @ NYK
MEM,CHI @ MEM
MIL,MIN @ MIL
PHX,UTA @ PHX
TNT,DEN @ LAL
POR,DET @ POR
NBA TV,ATL @ PHI
BOS,WAS @ BOS
TOR,HOU @ TOR
MIL,CHA @ MIL
SAC,DEN @ SAC
NBA TV,NOP @ LAL
NBA TV,OKC @ DAL
LAC,DET @ LAC
BKN,SAS @ BKN
CHA,MEM @ CHA
ORL,CHI @ ORL
WAS,PHI @ WAS
ATL,HOU @ ATL
NYK,IND @ NYK
TOR,CLE @ TOR
ABC,PHX @ GSW
POR,NOP @ POR
ABC,BOS @ MIA
OKC,SAC @ OKC
CHA,IND @ CHA
CLE,PHI @ CLE
ATL,CHI @ ATL
TOR,SAS @ TOR
HOU,NYK @ HOU
MEM,NOP @ MEM
NBA TV,DEN @ MIL
DAL,WAS @ DAL
UTA,GSW @ UTA
NBA TV,MIN @ LAC
BKN,BOS @ BKN
TNT,OKC @ ORL
MIL,MIA @ MIL
TNT,SAC @ PHX
POR,MIN @ POR
LAL,DET @ LAL
CHA,ATL @ CHA
ORL,NYK @ ORL
PHI,MIA @ PHI
BOS,BKN @ BOS
ESPN,CHI @ CLE
TOR,IND @ TOR
MEM,HOU @ MEM
NOP,WAS @ NOP
DAL,SAS @ DAL
DEN,SAC @ DEN
PHX,DET @ PHX
UTA,LAL @ UTA
ESPN,LAC @ GSW
TNT,MIL @ MEM
UTA,GSW @ UTA
POR,MIN @ POR
CLE,ORL @ CLE
IND,DET @ IND
PHI,NYK @ PHI
TOR,BKN @ TOR
TNT,PHX @ DAL
CHI,BOS @ CHI
NOP,HOU @ NOP
OKC,LAC @ OKC
DEN,WAS @ DEN
UTA,CHA @ UTA
TNT,LAL @ GSW
SAC,SAS @ SAC
ATL,TOR @ ATL
ESPN,CLE @ PHI
HOU,PHX @ HOU
MEM,LAC @ MEM
OKC,WAS @ OKC
ESPN,MIA @ NOP
MIN,MIL @ MIN
GSW,CHA @ GSW
POR,DEN @ POR
LAL,SAS @ LAL
DET,ORL @ DET
ABC,BOS @ NYK
MIN,BKN @ MIN
ABC,MIL @ PHI
ABC,LAL @ PHX
IND,DAL @ IND
WAS,CLE @ WAS
ATL,ORL @ ATL
HOU,OKC @ HOU
NOP,CHI @ NOP
ESPN,DEN @ GSW
UTA,SAS @ UTA
POR,CHA @ POR
ESPN,SAC @ LAC
NBA TV,TOR @ IND
NYK,DET @ NYK
MEM,BKN @ MEM
NBA TV,MIA @ SAC
CLE,DAL @ CLE
ORL,BKN @ ORL
WAS,GSW @ WAS
ATL,UTA @ ATL
TNT,PHI @ BOS
NYK,NOP @ NYK
MIN,SAS @ MIN
CHI,DET @ CHI
MIL,CHA @ MIL
TNT,HOU @ OKC
POR,MIA @ POR
IND,NOP @ IND
TOR,DAL @ TOR
ESPN,MEM @ MIN
CHI,CLE @ CHI
DEN,SAC @ DEN
ESPN,LAL @ LAC
CHA,MIL @ CHA
ORL,UTA @ ORL
BKN,ATL @ BKN
TNT,GSW @ NYK
SAS,OKC @ SAS
PHX,HOU @ PHX
TNT,MIA @ DEN
LAL,WAS @ LAL
DET,CLE @ DET
PHI,CHA @ PHI
ESPN,DAL @ BOS
TOR,GSW @ TOR
MEM,POR @ MEM
MIN,SAC @ MIN
NOP,IND @ NOP
ESPN,MIL @ CHI
LAC,WAS @ LAC
BKN,ATL @ BKN
NBA TV,UTA @ MIA
MEM,POR @ MEM
ABC,DEN @ LAL
PHX,HOU @ PHX
ABC,PHI @ DAL
ABC,GSW @ BOS
MIN,LAC @ MIN
ORL,DET @ ORL
TOR,CHA @ TOR
ESPN,NYK @ CLE
SAS,IND @ SAS
ESPN,OKC @ PHX
BKN,MEM @ BKN
NBA TV,LAC @ MIL
MIN,POR @ MIN
UTA,WAS @ UTA
SAC,CHI @ SAC
NBA TV,OKC @ LAL
CHA,ORL @ CHA
CLE,BOS @ CLE
BKN,PHI @ BKN
MIA,DET @ MIA
TNT,ATL @ NYK
TOR,NOP @ TOR
HOU,SAS @ HOU
DAL,IND @ DAL
TNT,PHX @ DEN
WAS,ORL @ WAS
ATL,CLE @ ATL
ESPN,MEM @ PHI
HOU,LAC @ HOU
UTA,CHI @ UTA
ESPN,MIL @ GSW
POR,OKC @ POR
LAL,SAC @ LAL
DET,BKN @ DET
IND,MIN @ IND
TNT,MIA @ DAL
PHX,TOR @ PHX
TNT,BOS @ DEN
GSW,CHI @ GSW
SAC,SAS @ SAC
PHI,NOP @ PHI
WAS,CHA @ WAS
CLE,MIN @ CLE
NYK,ORL @ NYK
ESPN,ATL @ MEM
OKC,MIA @ OKC
ESPN,MIL @ LAL
POR,HOU @ POR
LAC,CHI @ LAC
CHA,BKN @ CHA
DET,DAL @ DET
ABC,BOS @ PHX
GSW,SAS @ GSW
DEN,UTA @ DEN
POR,TOR @ POR
LAC,MIL @ LAC
ATL,NOP @ ATL
MIA,WAS @ MIA
NYK,PHI @ NYK
ORL,IND @ ORL
SAC,HOU @ SAC
ESPN,BKN @ CLE
OKC,MEM @ OKC
ESPN,MIN @ LAL
DET,CHA @ DET
CLE,PHX @ CLE
CHI,DAL @ CHI
NBA TV,GSW @ SAS
DEN,TOR @ DEN
NBA TV,BOS @ POR
TNT,PHI @ NYK
MEM,WAS @ MEM
OKC,IND @ OKC
SAS,HOU @ SAS
UTA,BOS @ UTA
TNT,MIN @ LAC
SAC,MIL @ SAC
DET,TOR @ DET
ORL,BKN @ ORL
IND,CHI @ IND
ESPN,DEN @ MIA
MEM,CHA @ MEM
NOP,CLE @ NOP
DAL,GSW @ DAL
POR,ATL @ POR
ESPN,LAL @ SAC
TNT,PHX @ BOS
CHI,LAC @ CHI
HOU,WAS @ HOU
MIL,PHI @ MIL
TNT,DAL @ OKC
POR,NYK @ POR
NBA TV,PHX @ CHA
DET,MIA @ DET
TOR,ORL @ TOR
NOP,LAC @ NOP
SAS,DEN @ SAS
NBA TV,ATL @ UTA
HOU,CLE @ HOU
IND,BKN @ IND
PHI,CHA @ PHI
NOP,POR @ NOP
CHI,WAS @ CHI
MEM,OKC @ MEM
ABC,GSW @ LAL
UTA,MIN @ UTA
SAC,NYK @ SAC
ABC,PHX @ MIL
DET,MIA @ DET
ABC,DEN @ DAL
ORL,TOR @ ORL
WAS,BOS @ WAS
NBA TV,BKN @ SAS
NBA TV,ATL @ LAC
IND,CLE @ IND
BOS,DET @ BOS
ESPN,MIA @ PHI
CHI,POR @ CHI
UTA,MIN @ UTA
ESPN,NYK @ GSW
SAC,MEM @ SAC
LAL,ATL @ LAL
ORL,CHA @ ORL
WAS,HOU @ WAS
BKN,NOP @ BKN
SAS,DAL @ SAS
NBA TV,DEN @ MIN
CLE,MIA @ CLE
DET,IND @ DET
ESPN,MIL @ BOS
TOR,SAC @ TOR
OKC,UTA @ OKC
ESPN,MEM @ GSW
PHX,PHI @ PHX
POR,LAC @ POR
ORL,NOP @ ORL
WAS,SAC @ WAS
HOU,CHI @ HOU
NBA TV,BKN @ MIL
DAL,UTA @ DAL
DEN,NYK @ DEN
NBA TV,ATL @ PHX
DET,BOS @ DET
TOR,OKC @ TOR
NBA TV,NOP @ MIA
MIN,CLE @ MIN
SAS,MEM @ SAS
GSW,IND @ GSW
POR,LAC @ POR
NBA TV,PHI @ LAL
NYK,BKN @ NYK
ORL,SAC @ ORL
ATL,CHA @ ATL
WAS,TOR @ WAS
CHI,BOS @ CHI
HOU,UTA @ HOU
NBA TV,PHX @ SAS
POR,DEN @ POR
DET,NOP @ DET
LAC,PHI @ LAC
MIA,CLE @ MIA
NBA TV,OKC @ MIL
MIN,GSW @ MIN
NBA TV,IND @ LAL
CLE,CHA @ CLE
NBA TV,BOS @ ATL
NYK,DET @ NYK
TOR,BKN @ TOR
CHI,WAS @ CHI
HOU,POR @ HOU
SAS,PHX @ SAS
DEN,MEM @ DEN
UTA,DAL @ UTA
NBA TV,PHI @ SAC
LAC,IND @ LAC
MIA,GSW @ MIA
TNT,LAL @ MIL
NOP,OKC @ NOP
TNT,DAL @ SAC
CHA,CLE @ CHA
ORL,GSW @ ORL
WAS,BKN @ WAS
ATL,POR @ ATL
ESPN,LAC @ PHI
TOR,NYK @ TOR
CHI,IND @ CHI
MEM,LAL @ MEM
MIN,DET @ MIN
OKC,HOU @ OKC
UTA,SAS @ UTA
ESPN,PHX @ DEN
ATL,BOS @ ATL
NBA TV,MIL @ NOP
CHA,GSW @ CHA
IND,LAL @ IND
ORL,LAC @ ORL
WAS,DET @ WAS
BKN,CHI @ BKN
NBA TV,PHI @ CLE
MIA,POR @ MIA
OKC,PHX @ OKC
SAS,NYK @ SAS
DEN,MIN @ DEN
UTA,HOU @ UTA
NBA TV,DAL @ SAC
NBA TV,BOS @ NOP
ORL,MEM @ ORL
NBA TV,MIL @ ATL
NBA TV,CLE @ DEN
BKN,LAL @ BKN
CHA,LAC @ CHA
TOR,PHI @ TOR
WAS,MIA @ WAS
NYK,OKC @ NYK
HOU,DAL @ HOU
MIN,CHI @ MIN
NBA TV,GSW @ SAS
SAC,UTA @ SAC
NBA TV,BOS @ CHA
DET,MEM @ DET
IND,BKN @ IND
ORL,POR @ ORL
CHI,ATL @ CHI
NOP,PHX @ NOP
PHI,OKC @ PHI
TOR,LAL @ TOR
WAS,MIL @ WAS
MIA,NYK @ MIA
MIN,HOU @ MIN
DEN,SAS @ DEN
UTA,CLE @ UTA
TNT,LAC @ SAC
TNT,DAL @ GSW
CHA,POR @ CHA
WAS,LAL @ WAS
ATL,DET @ ATL
BOS,OKC @ BOS
BKN,IND @ BKN
ESPN,MEM @ MIL
MIN,TOR @ MIN
NOP,ORL @ NOP
ESPN,CLE @ PHX
TNT,PHI @ MIA
NYK,SAC @ NYK
HOU,GSW @ HOU
TNT,DEN @ LAC
CHA,ORL @ CHA
IND,OKC @ IND
WAS,POR @ WAS
NBA TV,SAC @ BOS
CHI,NYK @ CHI
HOU,MIA @ HOU
MEM,DET @ MEM
MIL,TOR @ MIL
NOP,SAS @ NOP
DAL,GSW @ DAL
DAL,ATL @ DAL
NBA TV,MIN @ PHX
LAC,UTA @ LAC
LAL,CLE @ LAL
BKN,DET @ BKN
MEM,PHI @ MEM
DEN,ATL @ DEN
NBA TV,HOU @ DAL
LAC,CLE @ LAC
IND,MIA @ IND
BOS,POR @ BOS
CHA,OKC @ CHA
ORL,CHI @ ORL
TOR,WAS @ TOR
PHX,NOP @ PHX
NBA TV,NYK @ MIL
SAS,PHI @ SAS
BKN,SAC @ BKN
GSW,UTA @ GSW
NBA TV,MIN @ LAL
CHA,DAL @ CHA
PHI,DET @ PHI
TOR,IND @ TOR
ATL,MIA @ ATL
TNT,BOS @ MIL
CHI,NYK @ CHI
HOU,ORL @ HOU
MEM,SAS @ MEM
MIN,WAS @ MIN
OKC,SAC @ OKC
UTA,DEN @ UTA
TNT,GSW @ LAL
PHX,LAC @ PHX
POR,NOP @ POR
CLE,MEM @ CLE
ATL,CHA @ ATL
BKN,TOR @ BKN
ESPN,DAL @ MIA
MIL,ORL @ MIL
OKC,SAS @ OKC
ESPN,MIN @ DEN
LAC,PHX @ LAC
DET,CHI @ DET
TNT,NYK @ BOS
UTA,HOU @ UTA
POR,GSW @ POR
TNT,NOP @ SAC
PHI,ORL @ PHI
WAS,CHI @ WAS
BOS,CHA @ BOS
CLE,IND @ CLE
NYK,BKN @ NYK
MIA,TOR @ MIA
NBA TV,LAL @ MEM
OKC,MIL @ OKC
DAL,DET @ DAL
GSW,NOP @ GSW
POR,HOU @ POR
LAC,UTA @ LAC
NBA TV,PHX @ SAC
BOS,WAS @ BOS
CLE,CHA @ CLE
IND,ATL @ IND
MIA,TOR @ MIA
NYK,CHI @ NYK
ORL,MIL @ ORL
PHI,BKN @ PHI
MEM,DEN @ MEM
MIN,PHX @ MIN
NOP,LAL @ NOP
OKC,DAL @ OKC
SAS,DET @ SAS
GSW,UTA @ GSW
LAC,HOU @ LAC
SAC,POR @ SAC
